{
  "experiment1_index_types": {
    "flat": {
      "recall@1": 0.384,
      "mrr@1": 0.384,
      "ndcg@1": 0.384,
      "recall@5": 0.51,
      "mrr@5": 0.4301,
      "ndcg@5": 0.44996928822584575,
      "recall@10": 0.556,
      "mrr@10": 0.4361817460317459,
      "ndcg@10": 0.46478584848152094,
      "recall@20": 0.556,
      "mrr@20": 0.4361817460317459,
      "ndcg@20": 0.46478584848152094,
      "recall@50": 0.556,
      "mrr@50": 0.4361817460317459,
      "ndcg@50": 0.46478584848152094,
      "map": 0.436181746031746,
      "search_time_total": 0.0792539119720459,
      "search_time_per_query": 0.0001585078239440918,
      "queries_per_second": 6308.836845509379
    },
    "ivf_default": {
      "recall@1": 0.406,
      "mrr@1": 0.406,
      "ndcg@1": 0.406,
      "recall@5": 0.516,
      "mrr@5": 0.44770000000000004,
      "ndcg@5": 0.4647501701467895,
      "recall@10": 0.554,
      "mrr@10": 0.4529928571428571,
      "ndcg@10": 0.4772589659729383,
      "recall@20": 0.554,
      "mrr@20": 0.4529928571428571,
      "ndcg@20": 0.4772589659729383,
      "recall@50": 0.554,
      "mrr@50": 0.4529928571428571,
      "ndcg@50": 0.4772589659729383,
      "map": 0.45299285714285714,
      "search_time_total": 0.09722208976745605,
      "search_time_per_query": 0.0001944441795349121,
      "queries_per_second": 5142.864149453503
    }
  },
  "experiment2_nlist_sweep": {
    "IVF_nlist71_nprobe7": {
      "recall@1": 0.398,
      "mrr@1": 0.398,
      "ndcg@1": 0.398,
      "recall@5": 0.508,
      "mrr@5": 0.4396333333333334,
      "ndcg@5": 0.4567146050251775,
      "recall@10": 0.556,
      "mrr@10": 0.4461063492063491,
      "ndcg@10": 0.4723032469068562,
      "recall@20": 0.556,
      "mrr@20": 0.4461063492063491,
      "ndcg@20": 0.4723032469068562,
      "recall@50": 0.556,
      "mrr@50": 0.4461063492063491,
      "ndcg@50": 0.4723032469068562,
      "map": 0.4461063492063492,
      "search_time_total": 0.08881306648254395,
      "search_time_per_query": 0.0001776261329650879,
      "queries_per_second": 5629.8022329661835
    },
    "IVF_nlist143_nprobe14": {
      "recall@1": 0.406,
      "mrr@1": 0.406,
      "ndcg@1": 0.406,
      "recall@5": 0.516,
      "mrr@5": 0.44770000000000004,
      "ndcg@5": 0.4647501701467895,
      "recall@10": 0.554,
      "mrr@10": 0.4529928571428571,
      "ndcg@10": 0.4772589659729383,
      "recall@20": 0.554,
      "mrr@20": 0.4529928571428571,
      "ndcg@20": 0.4772589659729383,
      "recall@50": 0.554,
      "mrr@50": 0.4529928571428571,
      "ndcg@50": 0.4772589659729383,
      "map": 0.45299285714285714,
      "search_time_total": 0.10261797904968262,
      "search_time_per_query": 0.00020523595809936524,
      "queries_per_second": 4872.4405277746155
    },
    "IVF_nlist286_nprobe28": {
      "recall@1": 0.412,
      "mrr@1": 0.412,
      "ndcg@1": 0.412,
      "recall@5": 0.522,
      "mrr@5": 0.4538666666666667,
      "ndcg@5": 0.4708888170306427,
      "recall@10": 0.556,
      "mrr@10": 0.458413492063492,
      "ndcg@10": 0.48188931846523136,
      "recall@20": 0.556,
      "mrr@20": 0.458413492063492,
      "ndcg@20": 0.48188931846523136,
      "recall@50": 0.556,
      "mrr@50": 0.458413492063492,
      "ndcg@50": 0.48188931846523136,
      "map": 0.4584134920634921,
      "search_time_total": 0.16821551322937012,
      "search_time_per_query": 0.00033643102645874025,
      "queries_per_second": 2972.3774603251095
    },
    "IVF_nlist572_nprobe57": {
      "recall@1": 0.41,
      "mrr@1": 0.41,
      "ndcg@1": 0.41,
      "recall@5": 0.522,
      "mrr@5": 0.45263333333333333,
      "ndcg@5": 0.4699764645323205,
      "recall@10": 0.57,
      "mrr@10": 0.45915158730158717,
      "ndcg@10": 0.4856038017281622,
      "recall@20": 0.57,
      "mrr@20": 0.45915158730158717,
      "ndcg@20": 0.4856038017281622,
      "recall@50": 0.57,
      "mrr@50": 0.45915158730158717,
      "ndcg@50": 0.4856038017281622,
      "map": 0.45915158730158734,
      "search_time_total": 0.11285138130187988,
      "search_time_per_query": 0.00022570276260375978,
      "queries_per_second": 4430.6059370464345
    }
  },
  "experiment3_nprobe_sweep": {
    "IVF_nlist143_nprobe1": {
      "recall@1": 0.306,
      "mrr@1": 0.306,
      "ndcg@1": 0.306,
      "recall@5": 0.378,
      "mrr@5": 0.3353666666666667,
      "ndcg@5": 0.3461269320741424,
      "recall@10": 0.394,
      "mrr@10": 0.3376166666666667,
      "ndcg@10": 0.3514136992985619,
      "recall@20": 0.394,
      "mrr@20": 0.3376166666666667,
      "ndcg@20": 0.3514136992985619,
      "recall@50": 0.394,
      "mrr@50": 0.3376166666666667,
      "ndcg@50": 0.3514136992985619,
      "map": 0.3376166666666667,
      "search_time_total": 0.02385854721069336,
      "search_time_per_query": 4.7717094421386715e-05,
      "queries_per_second": 20956.8502048566
    },
    "IVF_nlist143_nprobe5": {
      "recall@1": 0.4,
      "mrr@1": 0.4,
      "ndcg@1": 0.4,
      "recall@5": 0.5,
      "mrr@5": 0.4378666666666667,
      "ndcg@5": 0.45336509801635694,
      "recall@10": 0.534,
      "mrr@10": 0.44254047619047604,
      "ndcg@10": 0.46449481280162297,
      "recall@20": 0.534,
      "mrr@20": 0.44254047619047604,
      "ndcg@20": 0.46449481280162297,
      "recall@50": 0.534,
      "mrr@50": 0.44254047619047604,
      "ndcg@50": 0.46449481280162297,
      "map": 0.44254047619047615,
      "search_time_total": 0.044223785400390625,
      "search_time_per_query": 8.844757080078125e-05,
      "queries_per_second": 11306.133011299922
    },
    "IVF_nlist143_nprobe10": {
      "recall@1": 0.406,
      "mrr@1": 0.406,
      "ndcg@1": 0.406,
      "recall@5": 0.516,
      "mrr@5": 0.4476,
      "ndcg@5": 0.4646625226451118,
      "recall@10": 0.552,
      "mrr@10": 0.45260714285714276,
      "ndcg@10": 0.47650465180459395,
      "recall@20": 0.552,
      "mrr@20": 0.45260714285714276,
      "ndcg@20": 0.47650465180459395,
      "recall@50": 0.552,
      "mrr@50": 0.45260714285714276,
      "ndcg@50": 0.47650465180459395,
      "map": 0.4526071428571429,
      "search_time_total": 0.07927131652832031,
      "search_time_per_query": 0.00015854263305664062,
      "queries_per_second": 6307.451697504873
    },
    "IVF_nlist143_nprobe20": {
      "recall@1": 0.408,
      "mrr@1": 0.408,
      "ndcg@1": 0.408,
      "recall@5": 0.522,
      "mrr@5": 0.45086666666666675,
      "ndcg@5": 0.4686115232629363,
      "recall@10": 0.562,
      "mrr@10": 0.456445238095238,
      "ndcg@10": 0.48178698575575174,
      "recall@20": 0.562,
      "mrr@20": 0.456445238095238,
      "ndcg@20": 0.48178698575575174,
      "recall@50": 0.562,
      "mrr@50": 0.456445238095238,
      "ndcg@50": 0.48178698575575174,
      "map": 0.45644523809523807,
      "search_time_total": 0.13414359092712402,
      "search_time_per_query": 0.00026828718185424805,
      "queries_per_second": 3727.349152831567
    },
    "IVF_nlist143_nprobe50": {
      "recall@1": 0.412,
      "mrr@1": 0.412,
      "ndcg@1": 0.412,
      "recall@5": 0.526,
      "mrr@5": 0.4547666666666667,
      "ndcg@5": 0.47252387576125865,
      "recall@10": 0.57,
      "mrr@10": 0.46087857142857136,
      "ndcg@10": 0.4869898822809259,
      "recall@20": 0.57,
      "mrr@20": 0.46087857142857136,
      "ndcg@20": 0.4869898822809259,
      "recall@50": 0.57,
      "mrr@50": 0.46087857142857136,
      "ndcg@50": 0.4869898822809259,
      "map": 0.46087857142857147,
      "search_time_total": 0.29900121688842773,
      "search_time_per_query": 0.0005980024337768555,
      "queries_per_second": 1672.2339969157213
    },
    "IVF_nlist143_nprobe71": {
      "recall@1": 0.412,
      "mrr@1": 0.412,
      "ndcg@1": 0.412,
      "recall@5": 0.526,
      "mrr@5": 0.4547666666666667,
      "ndcg@5": 0.47252387576125865,
      "recall@10": 0.57,
      "mrr@10": 0.46087857142857136,
      "ndcg@10": 0.4869898822809259,
      "recall@20": 0.57,
      "mrr@20": 0.46087857142857136,
      "ndcg@20": 0.4869898822809259,
      "recall@50": 0.57,