{
  "flat": {
    "recall@1": 0.384,
    "mrr@1": 0.384,
    "ndcg@1": 0.384,
    "recall@5": 0.51,
    "mrr@5": 0.4301,
    "ndcg@5": 0.44996928822584575,
    "recall@10": 0.556,
    "mrr@10": 0.4361817460317459,
    "ndcg@10": 0.46478584848152094,
    "recall@20": 0.556,
    "mrr@20": 0.4361817460317459,
    "ndcg@20": 0.46478584848152094,
    "recall@50": 0.556,
    "mrr@50": 0.4361817460317459,
    "ndcg@50": 0.46478584848152094,
    "map": 0.436181746031746,
    "search_time_total": 0.0792539119720459,
    "search_time_per_query": 0.0001585078239440918,
    "queries_per_second": 6308.836845509379
  },
  "ivf_default": {
    "recall@1": 0.406,
    "mrr@1": 0.406,
    "ndcg@1": 0.406,
    "recall@5": 0.516,
    "mrr@5": 0.44770000000000004,
    "ndcg@5": 0.4647501701467895,
    "recall@10": 0.554,
    "mrr@10": 0.4529928571428571,
    "ndcg@10": 0.4772589659729383,
    "recall@20": 0.554,
    "mrr@20": 0.4529928571428571,
    "ndcg@20": 0.4772589659729383,
    "recall@50": 0.554,
    "mrr@50": 0.4529928571428571,
    "ndcg@50": 0.4772589659729383,
    "map": 0.45299285714285714,
    "search_time_total": 0.09722208976745605,
    "search_time_per_query": 0.0001944441795349121,
    "queries_per_second": 5142.864149453503
  }
}