{
  "IVF_nlist71_nprobe7": {
    "recall@1": 0.398,
    "mrr@1": 0.398,
    "ndcg@1": 0.398,
    "recall@5": 0.508,
    "mrr@5": 0.4396333333333334,
    "ndcg@5": 0.4567146050251775,
    "recall@10": 0.556,
    "mrr@10": 0.4461063492063491,
    "ndcg@10": 0.4723032469068562,
    "recall@20": 0.556,
    "mrr@20": 0.4461063492063491,
    "ndcg@20": 0.4723032469068562,
    "recall@50": 0.556,
    "mrr@50": 0.4461063492063491,
    "ndcg@50": 0.4723032469068562,
    "map": 0.4461063492063492,
    "search_time_total": 0.08881306648254395,
    "search_time_per_query": 0.0001776261329650879,
    "queries_per_second": 5629.8022329661835
  },
  "IVF_nlist143_nprobe14": {
    "recall@1": 0.406,
    "mrr@1": 0.406,
    "ndcg@1": 0.406,
    "recall@5": 0.516,
    "mrr@5": 0.44770000000000004,
    "ndcg@5": 0.4647501701467895,
    "recall@10": 0.554,
    "mrr@10": 0.4529928571428571,
    "ndcg@10": 0.4772589659729383,
    "recall@20": 0.554,
    "mrr@20": 0.4529928571428571,
    "ndcg@20": 0.4772589659729383,
    "recall@50": 0.554,
    "mrr@50": 0.4529928571428571,
    "ndcg@50": 0.4772589659729383,
    "map": 0.45299285714285714,
    "search_time_total": 0.10261797904968262,
    "search_time_per_query": 0.00020523595809936524,
    "queries_per_second": 4872.4405277746155
  },
  "IVF_nlist286_nprobe28": {
    "recall@1": 0.412,
    "mrr@1": 0.412,
    "ndcg@1": 0.412,
    "recall@5": 0.522,
    "mrr@5": 0.4538666666666667,
    "ndcg@5": 0.4708888170306427,
    "recall@10": 0.556,
    "mrr@10": 0.458413492063492,
    "ndcg@10": 0.48188931846523136,
    "recall@20": 0.556,
    "mrr@20": 0.458413492063492,
    "ndcg@20": 0.48188931846523136,
    "recall@50": 0.556,
    "mrr@50": 0.458413492063492,
    "ndcg@50": 0.48188931846523136,
    "map": 0.4584134920634921,
    "search_time_total": 0.16821551322937012,
    "search_time_per_query": 0.00033643102645874025,
    "queries_per_second": 2972.3774603251095
  },
  "IVF_nlist572_nprobe57": {
    "recall@1": 0.41,
    "mrr@1": 0.41,
    "ndcg@1": 0.41,
    "recall@5": 0.522,
    "mrr@5": 0.45263333333333333,
    "ndcg@5": 0.4699764645323205,
    "recall@10": 0.57,
    "mrr@10": 0.45915158730158717,
    "ndcg@10": 0.4856038017281622,
    "recall@20": 0.57,
    "mrr@20": 0.45915158730158717,
    "ndcg@20": 0.4856038017281622,
    "recall@50": 0.57,
    "mrr@50": 0.45915158730158717,
    "ndcg@50": 0.4856038017281622,
    "map": 0.45915158730158734,
    "search_time_total": 0.11285138130187988,
    "search_time_per_query": 0.00022570276260375978,
    "queries_per_second": 4430.6059370464345
  }
}