{
  "IVF_nlist143_nprobe1": {
    "recall@1": 0.306,
    "mrr@1": 0.306,
    "ndcg@1": 0.306,
    "recall@5": 0.378,
    "mrr@5": 0.3353666666666667,
    "ndcg@5": 0.3461269320741424,
    "recall@10": 0.394,
    "mrr@10": 0.3376166666666667,
    "ndcg@10": 0.3514136992985619,
    "recall@20": 0.394,
    "mrr@20": 0.3376166666666667,
    "ndcg@20": 0.3514136992985619,
    "recall@50": 0.394,
    "mrr@50": 0.3376166666666667,
    "ndcg@50": 0.3514136992985619,
    "map": 0.3376166666666667,
    "search_time_total": 0.02385854721069336,
    "search_time_per_query": 4.7717094421386715e-05,
    "queries_per_second": 20956.8502048566
  },
  "IVF_nlist143_nprobe5": {
    "recall@1": 0.4,
    "mrr@1": 0.4,
    "ndcg@1": 0.4,
    "recall@5": 0.5,
    "mrr@5": 0.4378666666666667,
    "ndcg@5": 0.45336509801635694,
    "recall@10": 0.534,
    "mrr@10": 0.44254047619047604,
    "ndcg@10": 0.46449481280162297,
    "recall@20": 0.534,
    "mrr@20": 0.44254047619047604,
    "ndcg@20": 0.46449481280162297,
    "recall@50": 0.534,
    "mrr@50": 0.44254047619047604,
    "ndcg@50": 0.46449481280162297,
    "map": 0.44254047619047615,
    "search_time_total": 0.044223785400390625,
    "search_time_per_query": 8.844757080078125e-05,
    "queries_per_second": 11306.133011299922
  },
  "IVF_nlist143_nprobe10": {
    "recall@1": 0.406,
    "mrr@1": 0.406,
    "ndcg@1": 0.406,
    "recall@5": 0.516,
    "mrr@5": 0.4476,
    "ndcg@5": 0.4646625226451118,
    "recall@10": 0.552,
    "mrr@10": 0.45260714285714276,
    "ndcg@10": 0.47650465180459395,
    "recall@20": 0.552,
    "mrr@20": 0.45260714285714276,
    "ndcg@20": 0.47650465180459395,
    "recall@50": 0.552,
    "mrr@50": 0.45260714285714276,
    "ndcg@50": 0.47650465180459395,
    "map": 0.4526071428571429,
    "search_time_total": 0.07927131652832031,
    "search_time_per_query": 0.00015854263305664062,
    "queries_per_second": 6307.451697504873
  },
  "IVF_nlist143_nprobe20": {
    "recall@1": 0.408,
    "mrr@1": 0.408,
    "ndcg@1": 0.408,
    "recall@5": 0.522,
    "mrr@5": 0.45086666666666675,
    "ndcg@5": 0.4686115232629363,
    "recall@10": 0.562,
    "mrr@10": 0.456445238095238,
    "ndcg@10": 0.48178698575575174,
    "recall@20": 0.562,
    "mrr@20": 0.456445238095238,
    "ndcg@20": 0.48178698575575174,
    "recall@50": 0.562,
    "mrr@50": 0.456445238095238,
    "ndcg@50": 0.48178698575575174,
    "map": 0.45644523809523807,
    "search_time_total": 0.13414359092712402,
    "search_time_per_query": 0.00026828718185424805,
    "queries_per_second": 3727.349152831567
  },
  "IVF_nlist143_nprobe50": {
    "recall@1": 0.412,
    "mrr@1": 0.412,
    "ndcg@1": 0.412,
    "recall@5": 0.526,
    "mrr@5": 0.4547666666666667,
    "ndcg@5": 0.47252387576125865,
    "recall@10": 0.57,
    "mrr@10": 0.46087857142857136,
    "ndcg@10": 0.4869898822809259,
    "recall@20": 0.57,
    "mrr@20": 0.46087857142857136,
    "ndcg@20": 0.4869898822809259,
    "recall@50": 0.57,
    "mrr@50": 0.46087857142857136,
    "ndcg@50": 0.4869898822809259,
    "map": 0.46087857142857147,
    "search_time_total": 0.29900121688842773,
    "search_time_per_query": 0.0005980024337768555,
    "queries_per_second": 1672.2339969157213
  },
  "IVF_nlist143_nprobe71": {
    "recall@1": 0.412,
    "mrr@1": 0.412,
    "ndcg@1": 0.412,
    "recall@5": 0.526,
    "mrr@5": 0.4547666666666667,
    "ndcg@5": 0.47252387576125865,
    "recall@10": 0.57,
    "mrr@10": 0.46087857142857136,
    "ndcg@10": 0.4869898822809259,
    "recall@20": 0.57,
    "mrr@20": 0.46087857142857136,
    "ndcg@20": 0.4869898822809259,
    "recall@50": 0.57,
    "mrr@50": 0.46087857142857136,
    "ndcg@50": 0.4869898822809259,
    "map": 0.46087857142857147,
    "search_time_total": 0.42602014541625977,
    "search_time_per_query": 0.0008520402908325195,
    "queries_per_second": 1173.6534184585457
  },
  "IVF_nlist143_nprobe143": {
    "recall@1": 0.412,
    "mrr@1": 0.412,
    "ndcg@1": 0.412,
    "recall@5": 0.528,
    "mrr@5": 0.4557666666666667,
    "ndcg@5": 0.47378573526840156,
    "recall@10": 0.572,
    "mrr@10": 0.46187857142857136,
    "ndcg@10": 0.4882517417880688,
    "recall@20": 0.572,
    "mrr@20": 0.46187857142857136,
    "ndcg@20": 0.4882517417880688,
    "recall@50": 0.572,
    "mrr@50": 0.46187857142857136,
    "ndcg@50": 0.4882517417880688,
    "map": 0.46187857142857147,
    "search_time_total": 0.8934600353240967,
    "search_time_per_query": 0.0017869200706481935,
    "queries_per_second": 559.622121003575
  }
}